<?xml version="1.0" encoding="UTF-8"?>
<csn:dataPackage
 xmlns:csn="http://www.emsa.europa.eu/csndc" xmlns:gml="http://www.opengis.net/gml" xmlns:ows="http://www.opengis.net/ows/1.1" xmlns:xsi="http://www.w3.org/2001/XMLSchema-instance"
 xsi:schemaLocation="http://www.emsa.europa.eu/csndc http://www.emsa.europa.eu/schemas/csndc/DataPackage/csndc_pkg.xsd">
  <csn:packageInfo>
     <csn:packageId>TSX1_SAR__MGD_RE___SM_S_SRA_20111026T175715_20111026T175722_DER</csn:packageId>
     <csn:packageType>SAR_DERIVED</csn:packageType>
     <csn:operationType>NOMINAL</csn:operationType>
     <csn:dataPackageDescription>SAR derived package</csn:dataPackageDescription>
  </csn:packageInfo>
     <csn:eoProduct>
        <csn:identifier>TSX1_SAR__MGD_RE___SM_S_SRA_20111026T175715_20111026T175722</csn:identifier>
     </csn:eoProduct>
  <csn:detectedShips total="0">
  </csn:detectedShips>
</csn:dataPackage>
