<?xml version="1.0" encoding="UTF-8"?>
<csn:Ship
 xmlns:csn="http://www.emsa.europa.eu/csndc"
 xmlns:gml="http://www.opengis.net/gml"
 xmlns:ows="http://www.opengis.net/ows/1.1"
 xmlns:xsi="http://www.w3.org/2001/XMLSchema-instance"
 xsi:schemaLocation="http://www.emsa.europa.eu/csndc http://www.emsa.europa.eu/schemas/csndc/Features/csndc_ds.xsd">
  <csn:id>TSX1_SAR__MGD_RE___SM_S_SRA_20110928T180546_20110928T180554_DS_2</csn:id>
  <csn:includeInReport>false</csn:includeInReport>
  <gml:pos>35.35333879 -2.563406791</gml:pos>
  <csn:timeStamp>2011-09-28T18:05:46Z</csn:timeStamp>
  <csn:heading>215</csn:heading>
  <!--csn:speed>0.0</csn:speed-->
  <csn:length>21</csn:length>
  <csn:width>5</csn:width>
  <csn:confidenceLevel>70</csn:confidenceLevel>
  <csn:imageIdentifier type="SAR">TSX1_SAR__MGD_RE___SM_S_SRA_20110928T180546_20110928T180554</csn:imageIdentifier>
</csn:Ship>
